date,StartPoint,Gyeonggi,Chungcheong,Jeolla,Gyeongsang,Gangwon
20140801,강원,63365.0,7044.0,892.0,1756.0,140258.0
20140801,경기,553781.0,110895.0,9961.0,12596.0,89665.0
20140801,경상,11911.0,7462.0,21988.0,429499.0,2447.0
20140801,전라,5764.0,6526.0,171004.0,18912.0,1203.0
20140801,충청,104192.0,165190.0,7846.0,7936.0,9991.0
20140802,강원,70298.0,6593.0,899.0,1753.0,160509.0
20140802,경기,482146.0,96307.0,7583.0,11176.0,83266.0
20140802,경상,11814.0,7008.0,18297.0,370115.0,2724.0
20140802,전라,6451.0,7000.0,136210.0,16138.0,1031.0
20140802,충청,96749.0,149068.0,6670.0,6725.0,9579.0
20140803,강원,75175.0,7316.0,1091.0,2155.0,140385.0
20140803,경기,364604.0,74082.0,4621.0,8339.0,57616.0
20140803,경상,10552.0,7755.0,14619.0,300136.0,2397.0
20140803,전라,8055.0,8287.0,126548.0,16252.0,785.0
20140803,충청,84141.0,113008.0,5395.0,4982.0,6985.0
20140804,강원,69959.0,7423.0,869.0,1746.0,117817.0
20140804,경기,508767.0,96797.0,4870.0,8514.0,59738.0
20140804,경상,10271.0,5594.0,16906.0,375598.0,1885.0
20140804,전라,7154.0,5368.0,132855.0,15703.0,887.0
20140804,충청,91096.0,141678.0,5108.0,5649.0,8149.0
20140805,강원,63994.0,7588.0,811.0,1870.0,117161.0
20140805,경기,554110.0,94320.0,4315.0,8718.0,56909.0
20140805,경상,9784.0,5851.0,16830.0,404750.0,1658.0
20140805,전라,5031.0,5088.0,145256.0,17123.0,778.0
20140805,충청,93218.0,150366.0,5204.0,6029.0,7768.0
20140806,강원,59725.0,7339.0,812.0,1903.0,107137.0
20140806,경기,550850.0,92612.0,4405.0,9076.0,57120.0
20140806,경상,9825.0,5998.0,16041.0,418229.0,1622.0
20140806,전라,5087.0,5210.0,143766.0,16596.0,727.0
20140806,충청,92653.0,150092.0,5364.0,6031.0,7866.0
20140807,강원,55328.0,6780.0,742.0,1633.0,100954.0
20140807,경기,564769.0,92439.0,4206.0,8431.0,57764.0
20140807,경상,9261.0,5521.0,14950.0,407837.0,1542.0
20140807,전라,4411.0,4969.0,135310.0,15460.0,844.0
20140807,충청,90840.0,139756.0,4943.0,5639.0,7813.0
20140808,강원,61878.0,7653.0,826.0,1701.0,109772.0
20140808,경기,592419.0,103951.0,4731.0,8679.0,68033.0
20140808,경상,9950.0,6111.0,15709.0,408680.0,1762.0
20140808,전라,4556.0,5699.0,143800.0,15841.0,845.0
20140808,충청,103166.0,159463.0,6066.0,6102.0,8482.0
20140809,강원,64500.0,7062.0,765.0,1395.0,109006.0
20140809,경기,518575.0,105423.0,5662.0,8342.0,72666.0
20140809,경상,8185.0,5307.0,16238.0,386976.0,1442.0
20140809,전라,4275.0,5481.0,167465.0,15279.0,733.0
20140809,충청,98841.0,152075.0,6316.0,5408.0,7873.0
20140810,강원,62465.0,6415.0,707.0,1445.0,95992.0
20140810,경기,404638.0,83920.0,3965.0,7007.0,52228.0
20140810,경상,7727.0,5827.0,13760.0,339440.0,1289.0
20140810,전라,5079.0,6472.0,151250.0,15693.0,613.0
20140810,충청,89123.0,125690.0,4782.0,4411.0,5709.0
20140811,강원,55292.0,6588.0,659.0,1192.0,94586.0
20140811,경기,583248.0,105446.0,4016.0,7889.0,59368.0
20140811,경상,7321.0,4950.0,13579.0,397951.0,1324.0
20140811,전라,4162.0,5123.0,132831.0,13713.0,699.0
20140811,충청,94989.0,153413.0,5026.0,5187.0,7571.0
20140812,강원,56501.0,6748.0,701.0,1380.0,96983.0
20140812,경기,596960.0,98622.0,4071.0,8205.0,56342.0
20140812,경상,8694.0,5644.0,13784.0,404097.0,1411.0
20140812,전라,3966.0,4820.0,131926.0,13458.0,756.0
20140812,충청,96851.0,155721.0,5211.0,5831.0,7309.0
20140813,강원,55775.0,6931.0,695.0,1472.0,98981.0
20140813,경기,596649.0,96869.0,4202.0,8369.0,57757.0
20140813,경상,9000.0,5792.0,14146.0,410558.0,1577.0
20140813,전라,3976.0,5061.0,132170.0,13696.0,814.0
20140813,충청,95897.0,155109.0,5272.0,6155.0,7679.0
20140814,강원,56983.0,6699.0,783.0,1607.0,107467.0
20140814,경기,614781.0,108700.0,6251.0,10204.0,71590.0
20140814,경상,10400.0,6610.0,16107.0,398740.0,1810.0
20140814,전라,4342.0,5748.0,134048.0,15026.0,976.0
20140814,충청,103977.0,159676.0,6626.0,7074.0,8446.0
20140815,강원,61746.0,6113.0,939.0,1795.0,142322.0
20140815,경기,512011.0,102337.0,9951.0,14484.0,88711.0
20140815,경상,9074.0,6220.0,22854.0,386845.0,2183.0
20140815,전라,4748.0,6555.0,179236.0,20031.0,1121.0
20140815,충청,97261.0,150802.0,9652.0,8975.0,10047.0
20140816,강원,71598.0,7342.0,854.0,1417.0,147135.0
20140816,경기,502572.0,96590.0,4986.0,6811.0,69347.0
20140816,경상,9030.0,6951.0,21163.0,428334.0,1554.0
20140816,전라,5594.0,7815.0,183118.0,20512.0,781.0
20140816,충청,100189.0,152529.0,6331.0,5435.0,7659.0
20140817,강원,78881.0,7332.0,980.0,1985.0,111402.0
20140817,경기,387466.0,79097.0,3607.0,7002.0,47413.0
20140817,경상,12571.0,8037.0,15874.0,365758.0,1682.0
20140817,전라,8862.0,8381.0,139851.0,18868.0,709.0
20140817,충청,90169.0,117544.0,5021.0,4673.0,5454.0
20140818,강원,50884.0,6534.0,592.0,1029.0,76618.0
20140818,경기,561356.0,97037.0,3011.0,6467.0,50265.0
20140818,경상,7962.0,5740.0,11083.0,330624.0,1093.0
20140818,전라,3973.0,5092.0,107898.0,10896.0,690.0
20140818,충청,88155.0,142812.0,4056.0,4358.0,6404.0
20140819,강원,47012.0,5799.0,528.0,1135.0,75376.0
20140819,경기,577667.0,90179.0,3233.0,6620.0,45672.0
20140819,경상,7293.0,4605.0,11481.0,371863.0,1154.0
20140819,전라,3042.0,3965.0,111551.0,11037.0,540.0
20140819,충청,87788.0,144596.0,4327.0,4937.0,6163.0
20140820,강원,49399.0,5926.0,521.0,1098.0,77729.0
20140820,경기,608393.0,94545.0,3238.0,6972.0,49789.0
20140820,경상,7466.0,4763.0,11303.0,365303.0,1206.0
20140820,전라,3169.0,4087.0,114911.0,10915.0,611.0
20140820,충청,93279.0,151778.0,4365.0,5135.0,6397.0
20140821,강원,42362.0,5363.0,615.0,1120.0,70440.0
20140821,경기,534200.0,83199.0,3407.0,7005.0,41367.0
20140821,경상,7034.0,4480.0,11583.0,367160.0,1125.0
20140821,전라,3006.0,3898.0,114388.0,11112.0,577.0
20140821,충청,83264.0,143096.0,4293.0,5016.0,5926.0
20140822,강원,52651.0,6212.0,651.0,1379.0,88947.0
20140822,경기,629267.0,105025.0,4814.0,8564.0,64331.0
20140822,경상,8996.0,5953.0,14956.0,424955.0,1455.0
20140822,전라,3713.0,5091.0,135510.0,13658.0,788.0
20140822,충청,105575.0,167089.0,6090.0,6565.0,7903.0
20140823,강원,63637.0,6169.0,680.0,1375.0,110574.0
20140823,경기,555945.0,118366.0,7258.0,10029.0,82334.0
20140823,경상,8401.0,6344.0,18002.0,454508.0,1754.0
20140823,전라,4410.0,6030.0,162977.0,15688.0,691.0
20140823,충청,110114.0,168165.0,7037.0,6930.0,8648.0
20140824,강원,69158.0,6674.0,749.0,1581.0,112075.0
20140824,경기,469378.0,102435.0,3916.0,6682.0,58199.0
20140824,경상,7707.0,6591.0,14157.0,416768.0,1731.0
20140824,전라,5592.0,7804.0,137336.0,16581.0,537.0
20140824,충청,103362.0,148484.0,5039.0,5028.0,6334.0
20140825,강원,49330.0,5520.0,537.0,909.0,74188.0
20140825,경기,588404.0,98894.0,3067.0,5829.0,50116.0
20140825,경상,6504.0,4204.0,10294.0,334072.0,955.0
20140825,전라,3417.0,4175.0,105363.0,10314.0,539.0
20140825,충청,92341.0,143080.0,3975.0,4162.0,6196.0
20140826,강원,46712.0,5684.0,508.0,1110.0,74784.0
20140826,경기,607408.0,96345.0,3229.0,6937.0,46967.0
20140826,경상,7270.0,4792.0,11885.0,389111.0,1077.0
20140826,전라,2990.0,4074.0,120720.0,11133.0,498.0
20140826,충청,93515.0,155534.0,4513.0,5214.0,6188.0
20140827,강원,47897.0,5670.0,575.0,1024.0,77902.0
20140827,경기,616941.0,94652.0,3310.0,7172.0,49320.0
20140827,경상,7531.0,4993.0,12090.0,399792.0,1075.0
20140827,전라,3209.0,4270.0,123456.0,11877.0,547.0
20140827,충청,95772.0,158443.0,4631.0,5361.0,6363.0
20140828,강원,48347.0,5791.0,548.0,1153.0,80003.0
20140828,경기,620418.0,98199.0,3235.0,7074.0,50162.0
20140828,경상,7842.0,5168.0,12157.0,403161.0,1232.0
20140828,전라,3201.0,4398.0,121393.0,11665.0,499.0
20140828,충청,97232.0,161280.0,4538.0,5557.0,6554.0
20140829,강원,54100.0,6582.0,639.0,1329.0,87427.0
20140829,경기,636504.0,105583.0,4145.0,8143.0,61249.0
20140829,경상,9095.0,5993.0,14213.0,421865.0,1337.0
20140829,전라,3819.0,5152.0,131215.0,13191.0,627.0
20140829,충청,107151.0,170847.0,5840.0,6295.0,7491.0
20140830,강원,64553.0,6349.0,645.0,1246.0,106770.0
20140830,경기,571702.0,118513.0,6911.0,8799.0,78427.0
20140830,경상,7882.0,5997.0,17064.0,445173.0,1527.0
20140830,전라,4396.0,6195.0,160844.0,14752.0,587.0
20140830,충청,107013.0,176643.0,7133.0,6458.0,8001.0
20140831,강원,70262.0,6630.0,651.0,1311.0,95904.0
20140831,경기,468219.0,104464.0,3642.0,5936.0,55653.0
20140831,경상,7555.0,6094.0,13613.0,403821.0,1086.0
20140831,전라,5892.0,6639.0,142242.0,14999.0,495.0
20140831,충청,103294.0,145247.0,5245.0,4771.0,5921.0
20140901,강원,48144.0,5355.0,471.0,947.0,73913.0
20140901,경기,608823.0,104900.0,2939.0,5773.0,49957.0
20140901,경상,6298.0,4463.0,11319.0,399980.0,980.0
20140901,전라,3237.0,4123.0,125261.0,10961.0,482.0
20140901,충청,95026.0,158931.0,4091.0,4615.0,6157.0
20140902,강원,46068.0,5534.0,508.0,1074.0,74682.0
20140902,경기,626359.0,96737.0,3004.0,6423.0,46318.0
20140902,경상,7336.0,4834.0,11307.0,406483.0,1111.0
20140902,전라,3076.0,3915.0,120655.0,10668.0,447.0
20140902,충청,96992.0,161093.0,4325.0,5193.0,5954.0
20140903,강원,39106.0,4919.0,511.0,961.0,63736.0
20140903,경기,576250.0,85987.0,2828.0,6002.0,37525.0
20140903,경상,6859.0,4301.0,10242.0,373615.0,966.0
20140903,전라,2803.0,3624.0,110993.0,9685.0,443.0
20140903,충청,86955.0,148898.0,3953.0,4915.0,5401.0
20140904,강원,44852.0,5278.0,530.0,1019.0,70321.0
20140904,경기,638968.0,97790.0,3659.0,6471.0,45068.0
20140904,경상,7250.0,4699.0,11262.0,410319.0,943.0
20140904,전라,2862.0,3700.0,125533.0,10825.0,435.0
20140904,충청,96812.0,164178.0,4419.0,5049.0,5838.0
20140905,강원,47173.0,5377.0,917.0,1626.0,79692.0
20140905,경기,592711.0,93706.0,11550.0,12562.0,56546.0
20140905,경상,9495.0,5749.0,15339.0,420879.0,1367.0
20140905,전라,3588.0,4126.0,140086.0,12671.0,604.0
20140905,충청,94734.0,160257.0,8571.0,7872.0,6649.0
20140906,강원,34129.0,3297.0,1085.0,1615.0,83355.0
20140906,경기,384586.0,84001.0,29464.0,22532.0,74660.0
20140906,경상,9116.0,5257.0,21224.0,352132.0,2039.0
20140906,전라,3792.0,3589.0,171959.0,12071.0,781.0
20140906,충청,66705.0,110806.0,12569.0,10734.0,7028.0
20140907,강원,37094.0,3133.0,679.0,1291.0,84446.0
20140907,경기,347893.0,91582.0,19406.0,15827.0,69277.0
20140907,경상,7146.0,4936.0,19860.0,324670.0,1797.0
20140907,전라,4467.0,4025.0,162638.0,11254.0,734.0
20140907,충청,70198.0,96767.0,8628.0,7280.0,6468.0
20140908,강원,75664.0,6986.0,798.0,2133.0,163533.0
20140908,경기,503746.0,111836.0,10082.0,9638.0,79965.0
20140908,경상,7629.0,11386.0,25379.0,502095.0,2265.0
20140908,전라,7396.0,13908.0,279760.0,25301.0,693.0
20140908,충청,112173.0,174912.0,9795.0,9709.0,7368.0
20140909,강원,84804.0,7105.0,816.0,2236.0,128462.0
20140909,경기,418244.0,81312.0,4286.0,8257.0,47602.0
20140909,경상,19518.0,14664.0,17834.0,388872.0,2231.0
20140909,전라,22910.0,17217.0,204237.0,28894.0,847.0
20140909,충청,106883.0,126566.0,5005.0,5942.0,4130.0
20140910,강원,70928.0,6269.0,718.0,1648.0,82299.0
20140910,경기,414844.0,75690.0,3450.0,7873.0,41680.0
20140910,경상,18668.0,9054.0,14432.0,325654.0,1441.0
20140910,전라,19747.0,10798.0,140471.0,19115.0,1043.0
20140910,충청,92856.0,114605.0,4062.0,4561.0,4894.0
20140911,강원,43821.0,5190.0,487.0,1013.0,69251.0
20140911,경기,567009.0,93870.0,2775.0,6357.0,46178.0
20140911,경상,6907.0,4132.0,10873.0,382116.0,980.0
20140911,전라,4218.0,4227.0,115241.0,11410.0,683.0
20140911,충청,85674.0,144477.0,3675.0,4523.0,5997.0
20140912,강원,47490.0,5762.0,559.0,1208.0,77722.0
20140912,경기,613793.0,97579.0,3388.0,6806.0,51400.0
20140912,경상,7745.0,5217.0,12129.0,404062.0,1252.0
20140912,전라,3325.0,4349.0,122442.0,11567.0,568.0
20140912,충청,98563.0,157081.0,4917.0,5377.0,6598.0
20140913,강원,53635.0,5687.0,478.0,1062.0,88903.0
20140913,경기,537484.0,106113.0,3864.0,6823.0,65814.0
20140913,경상,6712.0,4638.0,13798.0,395954.0,1196.0
20140913,전라,3178.0,4569.0,134476.0,12785.0,567.0
20140913,충청,101054.0,149369.0,5022.0,5122.0,7219.0
20140914,강원,59164.0,5667.0,510.0,993.0,80003.0
20140914,경기,418074.0,86407.0,2734.0,4981.0,45244.0
20140914,경상,6000.0,4097.0,12139.0,331952.0,811.0
20140914,전라,3459.0,4490.0,118559.0,12622.0,442.0
20140914,충청,91303.0,119757.0,4029.0,3296.0,5316.0
20140915,강원,43949.0,5595.0,494.0,897.0,71876.0
20140915,경기,596536.0,101652.0,2916.0,6024.0,48093.0
20140915,경상,5925.0,4222.0,11383.0,393072.0,1007.0
20140915,전라,2685.0,3890.0,119809.0,10892.0,517.0
20140915,충청,90488.0,153125.0,4001.0,4546.0,6218.0
20140916,강원,44725.0,5537.0,525.0,1148.0,73023.0
20140916,경기,611014.0,94390.0,3025.0,6792.0,46035.0
20140916,경상,7198.0,4879.0,11505.0,397582.0,1215.0
20140916,전라,2687.0,4019.0,118891.0,10899.0,516.0
20140916,충청,92850.0,155842.0,4412.0,5321.0,6249.0
20140917,강원,44953.0,5473.0,494.0,1110.0,71496.0
20140917,경기,615453.0,94120.0,2873.0,6521.0,45823.0
20140917,경상,7108.0,4745.0,11409.0,394598.0,1055.0
20140917,전라,2813.0,3959.0,119297.0,10986.0,504.0
20140917,충청,93449.0,156073.0,4192.0,5237.0,6106.0
20140918,강원,46022.0,5666.0,538.0,1131.0,73031.0
20140918,경기,615845.0,94812.0,2961.0,6731.0,46064.0
20140918,경상,7278.0,5047.0,11660.0,398436.0,1105.0
20140918,전라,2863.0,4216.0,121127.0,11305.0,547.0
20140918,충청,94903.0,157631.0,4441.0,5462.0,6210.0
20140919,강원,51409.0,6331.0,595.0,1229.0,82207.0
20140919,경기,634954.0,104778.0,3889.0,7593.0,57099.0
20140919,경상,8628.0,5875.0,13488.0,419480.0,1294.0
20140919,전라,3506.0,4978.0,134007.0,13036.0,634.0
20140919,충청,105992.0,168796.0,5731.0,6425.0,7350.0
20140920,강원,58716.0,6227.0,524.0,1162.0,97919.0
20140920,경기,564026.0,116555.0,4759.0,7904.0,71851.0
20140920,경상,7276.0,5287.0,16422.0,429797.0,1325.0
20140920,전라,3549.0,5466.0,154278.0,15204.0,632.0
20140920,충청,109165.0,165189.0,6262.0,6013.0,8105.0
20140921,강원,61826.0,6279.0,642.0,1206.0,85732.0
20140921,경기,446160.0,95012.0,3244.0,5940.0,49197.0
20140921,경상,7219.0,5209.0,14717.0,381360.0,926.0
20140921,전라,4010.0,5715.0,136347.0,15500.0,474.0
20140921,충청,100276.0,132460.0,4629.0,4174.0,5745.0
20140922,강원,46148.0,5784.0,496.0,897.0,73449.0
20140922,경기,603120.0,107105.0,3074.0,6050.0,49805.0
20140922,경상,6393.0,4662.0,11796.0,391618.0,1017.0
20140922,전라,2860.0,4352.0,123139.0,11454.0,552.0
20140922,충청,93471.0,158688.0,4367.0,4842.0,6422.0
20140923,강원,45440.0,5501.0,492.0,1080.0,74432.0
20140923,경기,608611.0,94601.0,2725.0,6415.0,46362.0
20140923,경상,7149.0,4856.0,11279.0,392452.0,1054.0
20140923,전라,2728.0,3935.0,115887.0,10905.0,529.0
20140923,충청,92718.0,156262.0,4223.0,5141.0,6052.0
20140924,강원,37215.0,4659.0,395.0,927.0,61689.0
20140924,경기,564876.0,83450.0,2546.0,6164.0,37286.0
20140924,경상,6374.0,4245.0,9350.0,336267.0,945.0
20140924,전라,2341.0,3631.0,102024.0,9284.0,494.0
20140924,충청,83823.0,140447.0,3817.0,4677.0,5206.0
20140925,강원,45698.0,5515.0,551.0,1117.0,73430.0
20140925,경기,621791.0,97848.0,2919.0,6754.0,48177.0
20140925,경상,6923.0,4926.0,11667.0,398282.0,1157.0
20140925,전라,2701.0,4085.0,122003.0,10976.0,550.0
20140925,충청,94767.0,159771.0,4377.0,5421.0,6319.0
20140926,강원,52495.0,6498.0,623.0,1298.0,83840.0
20140926,경기,635167.0,105402.0,3968.0,7886.0,57408.0
20140926,경상,8814.0,6015.0,14069.0,422319.0,1345.0
20140926,전라,3532.0,5065.0,136531.0,13274.0,705.0
20140926,충청,106619.0,170769.0,5836.0,6446.0,7345.0
20140927,강원,59193.0,6348.0,632.0,1168.0,98407.0
20140927,경기,562231.0,119236.0,5021.0,8161.0,72439.0
20140927,경상,7979.0,5520.0,16863.0,427323.0,1368.0
20140927,전라,3724.0,5621.0,156909.0,15235.0,684.0
20140927,충청,111382.0,164446.0,6440.0,6085.0,8120.0
20140928,강원,62565.0,6105.0,616.0,1236.0,87994.0
20140928,경기,448068.0,94770.0,3234.0,6097.0,49062.0
20140928,경상,7171.0,5344.0,14982.0,378183.0,903.0
20140928,전라,3991.0,5665.0,141978.0,16199.0,474.0
20140928,충청,101759.0,134905.0,4599.0,4305.0,5661.0
20140929,강원,43557.0,5387.0,459.0,925.0,69151.0
20140929,경기,572507.0,98748.0,2905.0,6024.0,43631.0
20140929,경상,6211.0,4320.0,11626.0,398587.0,970.0
20140929,전라,2802.0,4044.0,118260.0,11201.0,526.0
20140929,충청,89061.0,148087.0,4189.0,4546.0,5975.0
20140930,강원,45138.0,5684.0,477.0,1092.0,69373.0
20140930,경기,614009.0,94395.0,2901.0,6587.0,43837.0
20140930,경상,6494.0,4743.0,11066.0,393513.0,1673.0
20140930,전라,2700.0,4168.0,117484.0,10726.0,477.0
20140930,충청,92097.0,155416.0,4238.0,5121.0,5896.0
20141001,강원,43930.0,5543.0,523.0,1085.0,72050.0
20141001,경기,616806.0,95310.0,2906.0,6745.0,45604.0
20141001,경상,6906.0,4622.0,11657.0,370609.0,1004.0
20141001,전라,2666.0,3838.0,118064.0,11254.0,494.0
20141001,충청,93677.0,157111.0,4251.0,5328.0,6168.0
20141002,강원,49903.0,6115.0,631.0,1318.0,81552.0
20141002,경기,626180.0,108261.0,4452.0,8786.0,59560.0
20141002,경상,9236.0,5818.0,14554.0,401912.0,1410.0
20141002,전라,3616.0,5011.0,135859.0,13892.0,752.0
20141002,충청,107378.0,169321.0,5806.0,6763.0,7627.0
20141003,강원,58208.0,5961.0,856.0,2049.0,124071.0
20141003,경기,530106.0,108916.0,8343.0,14992.0,81491.0
20141003,경상,9450.0,6876.0,26450.0,415497.0,2441.0
20141003,전라,4276.0,6689.0,169308.0,24391.0,1224.0
20141003,충청,101596.0,158742.0,9630.0,10796.0,9651.0
20141004,강원,66230.0,7063.0,747.0,1378.0,134002.0
20141004,경기,510923.0,106665.0,4217.0,7039.0,65799.0
20141004,경상,9298.0,7362.0,24264.0,429805.0,1412.0
20141004,전라,4626.0,7513.0,168193.0,22946.0,710.0
20141004,충청,107108.0,157308.0,6029.0,6007.0,7447.0
20141005,강원,69256.0,6921.0,1019.0,1969.0,98614.0
20141005,경기,427157.0,89698.0,3830.0,7409.0,46058.0
20141005,경상,12249.0,8354.0,18955.0,359123.0,1422.0
20141005,전라,7043.0,7491.0,143246.0,20669.0,629.0
20141005,충청,95519.0,131283.0,5123.0,5063.0,5195.0
20141006,강원,46842.0,5606.0,577.0,969.0,75822.0
20141006,경기,601503.0,104742.0,3012.0,6271.0,50113.0
20141006,경상,6711.0,4581.0,12516.0,372244.0,1033.0
20141006,전라,3088.0,4404.0,122431.0,11864.0,593.0
20141006,충청,94089.0,154552.0,4257.0,4687.0,6613.0
20141007,강원,45633.0,5622.0,520.0,1209.0,74506.0
20141007,경기,614446.0,95884.0,3034.0,6872.0,47071.0
20141007,경상,7280.0,5096.0,12316.0,373635.0,1198.0
20141007,전라,2788.0,4022.0,122218.0,11621.0,553.0
20141007,충청,93633.0,155881.0,4555.0,5456.0,6322.0
20141008,강원,49755.0,6243.0,601.0,1246.0,82010.0
20141008,경기,638844.0,105468.0,3740.0,7465.0,54613.0
20141008,경상,8355.0,5441.0,13373.0,400168.0,1221.0
20141008,전라,3140.0,4724.0,132891.0,13345.0,569.0
20141008,충청,103243.0,167141.0,5345.0,6172.0,6899.0
20141009,강원,54773.0,5851.0,665.0,1142.0,91113.0
20141009,경기,506979.0,95705.0,4598.0,8751.0,61120.0
20141009,경상,6603.0,4818.0,17082.0,361504.0,1195.0
20141009,전라,2964.0,4660.0,142465.0,16277.0,642.0
20141009,충청,94450.0,142239.0,5521.0,5892.0,7149.0
20141010,강원,56357.0,6581.0,601.0,1180.0,95578.0
20141010,경기,620083.0,107809.0,4005.0,7160.0,61355.0
20141010,경상,7800.0,5617.0,15412.0,392462.0,1328.0
20141010,전라,3515.0,4897.0,138993.0,14819.0,666.0
20141010,충청,103736.0,164679.0,5516.0,5640.0,7387.0
20141011,강원,63302.0,6846.0,720.0,1321.0,113362.0
20141011,경기,547708.0,117442.0,5418.0,8590.0,74565.0
20141011,경상,9482.0,6979.0,20100.0,400772.0,1726.0
20141011,전라,4461.0,6656.0,157942.0,18367.0,795.0
20141011,충청,108575.0,164314.0,6932.0,6767.0,8598.0
20141012,강원,65587.0,6871.0,721.0,1493.0,99203.0
20141012,경기,457741.0,95662.0,3507.0,6332.0,51187.0
20141012,경상,9012.0,7128.0,16092.0,341206.0,1545.0
20141012,전라,5345.0,7188.0,133869.0,16552.0,644.0
20141012,충청,100683.0,136743.0,5123.0,4630.0,6028.0
20141013,강원,46832.0,5765.0,516.0,933.0,72011.0
20141013,경기,603546.0,103215.0,2846.0,6192.0,49370.0
20141013,경상,6205.0,4276.0,10645.0,325072.0,995.0
20141013,전라,3065.0,4335.0,115620.0,10244.0,552.0
20141013,충청,93197.0,152496.0,4190.0,4375.0,6172.0
20141014,강원,45274.0,5675.0,501.0,1086.0,76582.0
20141014,경기,608773.0,94703.0,3078.0,6778.0,47030.0
20141014,경상,6531.0,4714.0,11622.0,367089.0,1110.0
20141014,전라,2629.0,3902.0,122395.0,10926.0,485.0
20141014,충청,91984.0,154785.0,4396.0,5141.0,6456.0
20141015,강원,46298.0,5956.0,490.0,1122.0,76512.0
20141015,경기,610441.0,93780.0,2866.0,6518.0,46947.0
20141015,경상,7196.0,4839.0,11814.0,368890.0,1095.0
20141015,전라,2849.0,4173.0,121592.0,11476.0,522.0
20141015,충청,93545.0,158336.0,4546.0,5222.0,6466.0
20141016,강원,46443.0,5833.0,523.0,1179.0,75500.0
20141016,경기,606364.0,93264.0,2845.0,6434.0,46534.0
20141016,경상,7072.0,4887.0,11793.0,366599.0,1120.0
20141016,전라,3024.0,4195.0,122294.0,11437.0,560.0
20141016,충청,94135.0,156174.0,4537.0,5087.0,6402.0
20141017,강원,53961.0,6804.0,680.0,1296.0,86975.0
20141017,경기,635141.0,106651.0,4008.0,7965.0,61191.0
20141017,경상,8786.0,5986.0,14510.0,392948.0,1439.0
20141017,전라,3595.0,5203.0,137892.0,13654.0,707.0
20141017,충청,106453.0,170094.0,5998.0,6502.0,7868.0
20141018,강원,62838.0,6738.0,626.0,1309.0,113158.0
20141018,경기,562387.0,120375.0,5917.0,8882.0,77829.0
20141018,경상,7855.0,6061.0,19434.0,400578.0,1707.0
20141018,전라,3949.0,6605.0,160873.0,17033.0,702.0
20141018,충청,111046.0,172917.0,7365.0,6911.0,8923.0
20141019,강원,67318.0,6796.0,749.0,1456.0,105414.0
20141019,경기,457998.0,97766.0,3473.0,6583.0,53350.0
20141019,경상,8211.0,6403.0,16997.0,357968.0,1355.0
20141019,전라,5301.0,7271.0,149508.0,18896.0,596.0
20141019,충청,103100.0,144680.0,5630.0,4892.0,6491.0
20141020,강원,42732.0,5250.0,549.0,980.0,68155.0
20141020,경기,544621.0,94212.0,2959.0,5969.0,42148.0
20141020,경상,6597.0,4416.0,11048.0,343941.0,1016.0
20141020,전라,3074.0,4288.0,110831.0,10863.0,552.0
20141020,충청,86213.0,141547.0,4042.0,4379.0,5753.0
20141021,강원,36683.0,4769.0,462.0,1007.0,64256.0
20141021,경기,544438.0,83198.0,2811.0,6246.0,38102.0
20141021,경상,6443.0,4377.0,10740.0,337281.0,974.0
20141021,전라,2610.0,3663.0,110251.0,10128.0,503.0
20141021,충청,80777.0,137132.0,3959.0,4661.0,5280.0
20141022,강원,45021.0,5478.0,493.0,1090.0,72782.0
20141022,경기,612427.0,93563.0,2924.0,6557.0,45523.0
20141022,경상,6666.0,4544.0,11228.0,342402.0,1082.0
20141022,전라,2669.0,4021.0,117638.0,10593.0,534.0
20141022,충청,89627.0,154390.0,4410.0,4938.0,6101.0
20141023,강원,48404.0,5799.0,535.0,1176.0,79972.0
20141023,경기,615866.0,96175.0,3094.0,6717.0,48764.0
20141023,경상,7200.0,5041.0,12245.0,365474.0,1208.0
20141023,전라,2870.0,4267.0,125850.0,11676.0,516.0
20141023,충청,95242.0,161214.0,4509.0,5369.0,6185.0
20141024,강원,53576.0,6627.0,677.0,1304.0,88530.0
20141024,경기,629597.0,106354.0,4286.0,7903.0,61842.0
20141024,경상,8806.0,6046.0,14896.0,388605.0,1454.0
20141024,전라,3544.0,5153.0,138958.0,13729.0,659.0
20141024,충청,106583.0,170953.0,5851.0,6540.0,7911.0
20141025,강원,61046.0,6280.0,609.0,1255.0,108729.0
20141025,경기,556115.0,114103.0,5776.0,8017.0,75808.0
20141025,경상,7547.0,5736.0,19801.0,388066.0,1497.0
20141025,전라,3568.0,6047.0,168901.0,17031.0,747.0
20141025,충청,106382.0,165962.0,7209.0,6444.0,8305.0
20141026,강원,65080.0,6640.0,649.0,1393.0,103234.0
20141026,경기,451354.0,91935.0,3396.0,5722.0,51756.0
20141026,경상,7552.0,6335.0,18556.0,363603.0,1375.0
20141026,전라,5119.0,6937.0,165459.0,19725.0,505.0
20141026,충청,99128.0,142191.0,5388.0,4690.0,5938.0
20141027,강원,49115.0,5838.0,482.0,950.0,76945.0
20141027,경기,599399.0,104059.0,3134.0,6337.0,48057.0
20141027,경상,6648.0,4810.0,13059.0,370182.0,1015.0
20141027,전라,3146.0,4406.0,130079.0,12420.0,557.0
20141027,충청,92170.0,158054.0,4163.0,4881.0,6044.0
20141028,강원,45882.0,5655.0,572.0,1168.0,78367.0
20141028,경기,611360.0,95378.0,3130.0,6786.0,46709.0
20141028,경상,7122.0,4935.0,12413.0,372732.0,1157.0
20141028,전라,2883.0,4302.0,128208.0,11672.0,531.0
20141028,충청,92202.0,157477.0,4563.0,5310.0,6343.0
20141029,강원,46288.0,5730.0,511.0,1087.0,74891.0
20141029,경기,610050.0,93564.0,2971.0,6414.0,45032.0
20141029,경상,7191.0,4707.0,12300.0,372465.0,1091.0
20141029,전라,2917.0,4346.0,127688.0,11860.0,549.0
20141029,충청,92719.0,158572.0,4572.0,5173.0,6614.0
20141030,강원,47538.0,5932.0,507.0,1094.0,77015.0
20141030,경기,611568.0,94157.0,2953.0,6565.0,47192.0
20141030,경상,7339.0,5022.0,12465.0,375202.0,1104.0
20141030,전라,3104.0,4263.0,127812.0,12188.0,567.0
20141030,충청,94209.0,158259.0,4438.0,5301.0,6393.0
20141031,강원,50605.0,6496.0,633.0,1203.0,81364.0
20141031,경기,614954.0,96718.0,4321.0,7395.0,55503.0
20141031,경상,8782.0,5941.0,13700.0,363126.0,1374.0
20141031,전라,3589.0,4933.0,121205.0,12452.0,671.0
20141031,충청,99070.0,155511.0,5674.0,5913.0,7125.0
20141101,강원,57604.0,6181.0,568.0,1288.0,93207.0
20141101,경기,541652.0,109780.0,6068.0,7732.0,72782.0
20141101,경상,7026.0,4974.0,18291.0,375342.0,1300.0
20141101,전라,3848.0,5358.0,150646.0,14929.0,628.0
20141101,충청,102385.0,146918.0,6256.0,5773.0,8035.0
20141102,강원,62532.0,6305.0,634.0,1335.0,87778.0
20141102,경기,432990.0,86549.0,3474.0,5683.0,47973.0
20141102,경상,6836.0,5514.0,16028.0,345823.0,1128.0
20141102,전라,5703.0,6425.0,141658.0,18696.0,537.0
20141102,충청,89086.0,119460.0,4941.0,4213.0,5458.0
20141103,강원,45439.0,5783.0,460.0,902.0,73790.0
20141103,경기,597535.0,104057.0,3116.0,6120.0,49082.0
20141103,경상,6096.0,4376.0,12220.0,368522.0,991.0
20141103,전라,3337.0,4539.0,125164.0,11734.0,609.0
20141103,충청,90140.0,154847.0,4303.0,4600.0,6364.0
20141104,강원,44358.0,5675.0,502.0,1073.0,74944.0
20141104,경기,608121.0,93485.0,3205.0,6520.0,45347.0
20141104,경상,6985.0,4661.0,12194.0,368093.0,1076.0
20141104,전라,2889.0,3958.0,125400.0,11616.0,500.0
20141104,충청,89152.0,154616.0,4473.0,5222.0,6139.0
20141105,강원,44482.0,5624.0,449.0,1053.0,71641.0
20141105,경기,607424.0,93591.0,2972.0,6421.0,45582.0
20141105,경상,6946.0,4586.0,12139.0,373801.0,1099.0
20141105,전라,2956.0,4237.0,129106.0,11722.0,558.0
20141105,충청,91941.0,155996.0,4493.0,5066.0,6263.0
20141106,강원,45652.0,5924.0,518.0,1081.0,75207.0
20141106,경기,606151.0,93529.0,3264.0,6650.0,46608.0
20141106,경상,7038.0,4693.0,12461.0,373488.0,1087.0
20141106,전라,3057.0,4371.0,129183.0,12038.0,562.0
20141106,충청,93157.0,156773.0,4588.0,5234.0,6463.0
20141107,강원,52437.0,6754.0,666.0,1252.0,83464.0
20141107,경기,628271.0,105831.0,4736.0,7878.0,62554.0
20141107,경상,8869.0,5902.0,15353.0,396570.0,1384.0
20141107,전라,3701.0,5366.0,144351.0,13769.0,703.0
20141107,충청,104100.0,169010.0,6244.0,6458.0,7874.0
20141108,강원,58936.0,6198.0,682.0,1140.0,98817.0
20141108,경기,541968.0,113304.0,6520.0,8418.0,76507.0
20141108,경상,7250.0,5493.0,20058.0,400990.0,1359.0
20141108,전라,4189.0,6066.0,167299.0,16341.0,676.0
20141108,충청,105431.0,157244.0,7417.0,6325.0,8851.0
20141109,강원,63828.0,6786.0,617.0,1365.0,92470.0
20141109,경기,457012.0,91106.0,3444.0,5836.0,49505.0
20141109,경상,7252.0,6451.0,17228.0,370772.0,1342.0
20141109,전라,5603.0,8173.0,166645.0,19754.0,539.0
20141109,충청,94537.0,135456.0,5466.0,4519.0,5724.0
20141110,강원,47476.0,5815.0,468.0,942.0,75626.0
20141110,경기,601220.0,103251.0,3056.0,6095.0,49462.0
20141110,경상,6596.0,4285.0,12433.0,374154.0,1144.0
20141110,전라,3297.0,4551.0,126512.0,12115.0,702.0
20141110,충청,92603.0,158090.0,4268.0,4574.0,7382.0
20141111,강원,45488.0,5773.0,450.0,1076.0,73485.0
20141111,경기,612872.0,95557.0,3149.0,6416.0,46105.0
20141111,경상,6920.0,4679.0,12013.0,374689.0,1197.0
20141111,전라,3105.0,4282.0,126710.0,11631.0,481.0
20141111,충청,93356.0,158626.0,4527.0,5121.0,6260.0
20141112,강원,44200.0,5682.0,465.0,1028.0,71460.0
20141112,경기,602048.0,91045.0,2919.0,6270.0,44026.0
20141112,경상,6832.0,4614.0,11388.0,372262.0,1012.0
20141112,전라,3160.0,4179.0,120684.0,11258.0,498.0
20141112,충청,90696.0,152928.0,4247.0,5031.0,6029.0
20141113,강원,45344.0,5703.0,455.0,1071.0,72747.0
20141113,경기,600069.0,93491.0,2986.0,6520.0,46426.0
20141113,경상,7126.0,4709.0,11979.0,364121.0,1098.0
20141113,전라,3120.0,4277.0,121892.0,11455.0,531.0
20141113,충청,91831.0,155061.0,4574.0,5023.0,6427.0
20141114,강원,51608.0,6686.0,631.0,1258.0,83901.0
20141114,경기,622293.0,107759.0,4629.0,7675.0,62525.0
20141114,경상,8762.0,5887.0,14896.0,386635.0,1457.0
20141114,전라,3813.0,5232.0,135861.0,13478.0,696.0
20141114,충청,104085.0,169685.0,6142.0,6298.0,7854.0
20141115,강원,60059.0,6419.0,596.0,1175.0,97231.0
20141115,경기,557377.0,116534.0,5826.0,8195.0,78942.0
20141115,경상,7623.0,5967.0,19446.0,392945.0,1469.0
20141115,전라,4031.0,6265.0,158143.0,16454.0,642.0
20141115,충청,103828.0,161192.0,7077.0,6094.0,8537.0
20141116,강원,65387.0,7088.0,662.0,1411.0,92939.0
20141116,경기,464167.0,94167.0,3615.0,6377.0,49483.0
20141116,경상,7147.0,6405.0,15841.0,347448.0,1389.0
20141116,전라,5175.0,7758.0,146275.0,18166.0,521.0
20141116,충청,97673.0,132977.0,5332.0,4770.0,6011.0
20141117,강원,46034.0,5938.0,462.0,895.0,70236.0
20141117,경기,590790.0,103558.0,3113.0,5966.0,47148.0
20141117,경상,6115.0,4441.0,12091.0,363505.0,947.0
20141117,전라,3212.0,4440.0,123497.0,11409.0,542.0
20141117,충청,91376.0,154565.0,4248.0,4460.0,6045.0
20141118,강원,43404.0,5851.0,464.0,1041.0,70834.0
20141118,경기,603831.0,95396.0,3095.0,6643.0,44250.0
20141118,경상,6907.0,4682.0,11889.0,366407.0,1026.0
20141118,전라,2846.0,4129.0,123226.0,11232.0,501.0
20141118,충청,91886.0,154767.0,4587.0,5030.0,6383.0
20141119,강원,43955.0,5374.0,427.0,1019.0,72306.0
20141119,경기,600365.0,93242.0,2965.0,6530.0,44653.0
20141119,경상,6950.0,4691.0,11775.0,369234.0,991.0
20141119,전라,3011.0,4173.0,124853.0,11206.0,497.0
20141119,충청,92692.0,157183.0,4329.0,5126.0,6144.0
20141120,강원,45428.0,5905.0,521.0,1109.0,73839.0
20141120,경기,610580.0,95864.0,3124.0,6577.0,46259.0
20141120,경상,7243.0,4860.0,12001.0,374676.0,1016.0
20141120,전라,3210.0,4293.0,127074.0,11590.0,504.0
20141120,충청,94997.0,159800.0,4733.0,5377.0,6505.0
20141121,강원,53522.0,7023.0,625.0,1239.0,84183.0
20141121,경기,622011.0,110780.0,4964.0,8208.0,60209.0
20141121,경상,8966.0,6170.0,14671.0,391011.0,1402.0
20141121,전라,4125.0,5466.0,139075.0,13425.0,682.0
20141121,충청,107212.0,172565.0,6192.0,6445.0,8018.0
20141122,강원,58475.0,5970.0,577.0,1335.0,97370.0
20141122,경기,544085.0,113531.0,7615.0,8732.0,74076.0
20141122,경상,7970.0,6159.0,19210.0,399237.0,1481.0
20141122,전라,4454.0,6660.0,163647.0,16062.0,660.0
20141122,충청,107532.0,165731.0,8000.0,6589.0,8781.0
20141123,강원,62822.0,6863.0,617.0,1389.0,92065.0
20141123,경기,462710.0,99068.0,3949.0,7111.0,51099.0
20141123,경상,7554.0,7297.0,16115.0,360725.0,1420.0
20141123,전라,5445.0,9920.0,146709.0,18887.0,510.0
20141123,충청,101855.0,139299.0,5317.0,5277.0,5671.0
20141124,강원,45530.0,5847.0,480.0,872.0,71502.0
20141124,경기,593029.0,102778.0,3054.0,6219.0,44986.0
20141124,경상,6767.0,4472.0,11539.0,354251.0,951.0
20141124,전라,3697.0,4299.0,112320.0,10962.0,556.0
20141124,충청,94262.0,146526.0,4152.0,4498.0,6325.0
20141125,강원,42391.0,5654.0,501.0,1122.0,69500.0
20141125,경기,597988.0,94537.0,3114.0,6590.0,43926.0
20141125,경상,6868.0,4648.0,11117.0,353397.0,1022.0
20141125,전라,2784.0,4064.0,117440.0,10610.0,522.0
20141125,충청,90245.0,153963.0,4267.0,5120.0,6155.0
20141126,강원,42511.0,5611.0,440.0,1016.0,72724.0
20141126,경기,598368.0,93394.0,3012.0,6613.0,44282.0
20141126,경상,6842.0,4665.0,11798.0,366157.0,996.0
20141126,전라,3007.0,4059.0,123638.0,11103.0,484.0
20141126,충청,90596.0,155599.0,4551.0,5248.0,6267.0
20141127,강원,45843.0,5883.0,480.0,1145.0,72783.0
20141127,경기,608298.0,94498.0,3158.0,6457.0,45634.0
20141127,경상,7260.0,4906.0,12142.0,372633.0,1147.0
20141127,전라,3011.0,4481.0,126472.0,11488.0,496.0
20141127,충청,93349.0,159039.0,4360.0,5364.0,6314.0
20141128,강원,46488.0,6165.0,639.0,1229.0,77947.0
20141128,경기,573665.0,97990.0,5291.0,8123.0,52005.0
20141128,경상,8850.0,5909.0,14316.0,379409.0,1298.0
20141128,전라,3955.0,4898.0,127874.0,12865.0,670.0
20141128,충청,98493.0,158797.0,6119.0,6505.0,7221.0
20141129,강원,57467.0,6123.0,653.0,1283.0,94196.0
20141129,경기,549764.0,112647.0,8506.0,10289.0,71274.0
20141129,경상,8018.0,5908.0,19082.0,404761.0,1432.0
20141129,전라,4808.0,6353.0,160744.0,16022.0,646.0
20141129,충청,107362.0,157681.0,7746.0,7335.0,8414.0
20141130,강원,58275.0,6395.0,631.0,1251.0,79128.0
20141130,경기,417984.0,90619.0,4000.0,6925.0,44685.0
20141130,경상,8660.0,7782.0,13760.0,359622.0,1256.0
20141130,전라,6914.0,9445.0,128552.0,16632.0,508.0
20141130,충청,92184.0,121318.0,5058.0,4796.0,5198.0
20141201,강원,40197.0,5311.0,420.0,794.0,65632.0
20141201,경기,557396.0,93502.0,2795.0,6144.0,43564.0
20141201,경상,6610.0,4091.0,11125.0,356343.0,936.0
20141201,전라,3233.0,4107.0,112267.0,10973.0,527.0
20141201,충청,82997.0,142379.0,3916.0,4509.0,5819.0
20141202,강원,37389.0,4925.0,406.0,941.0,64260.0
20141202,경기,567290.0,81471.0,2459.0,6249.0,38551.0
20141202,경상,6616.0,4218.0,10689.0,354621.0,937.0
20141202,전라,2231.0,3234.0,100553.0,10020.0,446.0
20141202,충청,79601.0,138555.0,3721.0,4703.0,5570.0
20141203,강원,34470.0,4995.0,396.0,874.0,62211.0
20141203,경기,540428.0,76197.0,2253.0,6243.0,34749.0
20141203,경상,6498.0,4052.0,10650.0,359139.0,868.0
20141203,전라,2273.0,3380.0,108407.0,10222.0,437.0
20141203,충청,75562.0,133441.0,3567.0,4536.0,5408.0
20141204,강원,37057.0,5123.0,437.0,965.0,64475.0
20141204,경기,563750.0,78809.0,2371.0,6061.0,37019.0
20141204,경상,6565.0,4135.0,10972.0,361904.0,964.0
20141204,전라,2427.0,3578.0,111062.0,10701.0,445.0
20141204,충청,78640.0,140358.0,3906.0,4750.0,5670.0
20141205,강원,45615.0,6104.0,600.0,1233.0,76162.0
20141205,경기,591898.0,88679.0,3851.0,8417.0,50277.0
20141205,경상,8592.0,5389.0,13362.0,385534.0,1225.0
20141205,전라,2841.0,4245.0,115240.0,12033.0,536.0
20141205,충청,93906.0,151912.0,5212.0,5991.0,6936.0
20141206,강원,52096.0,5865.0,542.0,1107.0,84205.0
20141206,경기,508556.0,97418.0,6405.0,9619.0,64481.0
20141206,경상,7200.0,5112.0,16198.0,396624.0,1178.0
20141206,전라,3530.0,4773.0,135058.0,13849.0,497.0
20141206,충청,94966.0,139406.0,6356.0,6177.0,7546.0
20141207,강원,55961.0,6167.0,518.0,1118.0,70421.0
20141207,경기,398340.0,84230.0,3384.0,6666.0,41998.0
20141207,경상,10163.0,6423.0,13404.0,374415.0,1073.0
20141207,전라,6739.0,6648.0,123959.0,15675.0,526.0
20141207,충청,82843.0,107596.0,4267.0,4310.0,5063.0
20141208,강원,37675.0,5126.0,390.0,789.0,67042.0
20141208,경기,553477.0,90266.0,2720.0,5532.0,41968.0
20141208,경상,5733.0,3707.0,10488.0,301507.0,854.0
20141208,전라,2925.0,3936.0,114273.0,10035.0,551.0
20141208,충청,79600.0,141190.0,3732.0,3984.0,6093.0
20141209,강원,39537.0,5384.0,435.0,999.0,68005.0
20141209,경기,584069.0,88572.0,2875.0,6187.0,40396.0
20141209,경상,6660.0,4511.0,11264.0,362952.0,999.0
20141209,전라,2753.0,3840.0,118599.0,10669.0,467.0
20141209,충청,86018.0,148884.0,4246.0,4917.0,6004.0
20141210,강원,39782.0,5429.0,434.0,1030.0,67312.0
20141210,경기,585010.0,87043.0,2858.0,6168.0,39875.0
20141210,경상,6609.0,4422.0,11405.0,368379.0,952.0
20141210,전라,2950.0,3905.0,118211.0,10989.0,495.0
20141210,충청,86365.0,149117.0,4284.0,4796.0,5830.0
20141211,강원,39241.0,5373.0,507.0,971.0,66660.0
20141211,경기,578773.0,86489.0,2886.0,6081.0,39156.0
20141211,경상,6793.0,4546.0,11296.0,369806.0,921.0
20141211,전라,2793.0,4200.0,120550.0,10863.0,396.0
20141211,충청,86167.0,148062.0,4321.0,5061.0,5675.0
20141212,강원,46433.0,6169.0,544.0,1161.0,74641.0
20141212,경기,590742.0,90247.0,3627.0,7530.0,48961.0
20141212,경상,8455.0,5754.0,13854.0,389297.0,1130.0
20141212,전라,3383.0,4990.0,128849.0,12680.0,533.0
20141212,충청,95551.0,158694.0,5711.0,6074.0,6811.0
20141213,강원,50245.0,5796.0,552.0,1083.0,82397.0
20141213,경기,497340.0,92181.0,5438.0,8731.0,62649.0
20141213,경상,7178.0,4899.0,15643.0,398203.0,1197.0
20141213,전라,3460.0,4657.0,131229.0,13539.0,533.0
20141213,충청,92813.0,133385.0,6004.0,5823.0,7666.0
20141214,강원,56015.0,6009.0,471.0,1047.0,71244.0
20141214,경기,391811.0,80833.0,3031.0,5772.0,42497.0
20141214,경상,8378.0,5762.0,13133.0,342225.0,967.0
20141214,전라,5722.0,5901.0,120685.0,14534.0,446.0
20141214,충청,78832.0,105572.0,4079.0,3990.0,5169.0
20141215,강원,38935.0,5462.0,462.0,879.0,64033.0
20141215,경기,548460.0,92436.0,2725.0,5892.0,40074.0
20141215,경상,6106.0,4367.0,11368.0,363036.0,965.0
20141215,전라,2771.0,4018.0,119814.0,10918.0,533.0
20141215,충청,80512.0,147276.0,3912.0,4660.0,5905.0
20141216,강원,34338.0,5065.0,444.0,920.0,57403.0
20141216,경기,547960.0,79315.0,2226.0,5947.0,32857.0
20141216,경상,6283.0,4216.0,9926.0,344978.0,862.0
20141216,전라,2157.0,3479.0,105153.0,9592.0,396.0
20141216,충청,78045.0,139641.0,3852.0,4720.0,5317.0
20141217,강원,36062.0,4864.0,360.0,893.0,63068.0
20141217,경기,563564.0,80151.0,1847.0,5996.0,36123.0
20141217,경상,6443.0,4282.0,9105.0,352892.0,936.0
20141217,전라,1728.0,2943.0,79319.0,8815.0,401.0
20141217,충청,79612.0,139090.0,3276.0,4708.0,5448.0
20141218,강원,38110.0,5319.0,386.0,1005.0,65041.0
20141218,경기,566352.0,85489.0,2153.0,6124.0,38872.0
20141218,경상,7007.0,4726.0,9652.0,353000.0,946.0
20141218,전라,2255.0,3541.0,99596.0,9479.0,383.0
20141218,충청,84573.0,146776.0,3807.0,5056.0,5977.0
20141219,강원,48022.0,6732.0,566.0,1210.0,76552.0
20141219,경기,601881.0,94623.0,3549.0,7671.0,50300.0
20141219,경상,8469.0,5857.0,12374.0,381568.0,1221.0
20141219,전라,3059.0,4820.0,128691.0,11937.0,527.0
20141219,충청,98801.0,160799.0,5368.0,6025.0,6854.0
20141220,강원,49455.0,5691.0,516.0,1005.0,76396.0
20141220,경기,501911.0,94701.0,4707.0,8025.0,59896.0
20141220,경상,6811.0,4986.0,13765.0,371983.0,1165.0
20141220,전라,3445.0,4800.0,130749.0,13000.0,495.0
20141220,충청,94791.0,140024.0,5713.0,5700.0,6965.0
20141221,강원,54263.0,6143.0,491.0,951.0,67514.0
20141221,경기,382349.0,81615.0,2664.0,5901.0,41285.0
20141221,경상,8015.0,5365.0,11910.0,315764.0,895.0
20141221,전라,4373.0,5225.0,110004.0,12828.0,521.0
20141221,충청,79187.0,106269.0,3970.0,4105.0,5237.0
20141222,강원,37613.0,5295.0,378.0,891.0,67084.0
20141222,경기,538603.0,86599.0,2533.0,6578.0,40230.0
20141222,경상,6437.0,4413.0,10484.0,369673.0,950.0
20141222,전라,2303.0,3701.0,101780.0,10146.0,448.0
20141222,충청,76675.0,143095.0,3615.0,4617.0,5720.0
20141223,강원,40523.0,5733.0,387.0,1125.0,71414.0
20141223,경기,589744.0,89214.0,2788.0,6871.0,40371.0
20141223,경상,7573.0,5042.0,10695.0,368376.0,1074.0
20141223,전라,2557.0,4057.0,121227.0,10339.0,446.0
20141223,충청,87825.0,150464.0,4374.0,5338.0,5907.0
20141224,강원,44460.0,6123.0,538.0,1119.0,77144.0
20141224,경기,607880.0,89886.0,3035.0,7146.0,48886.0
20141224,경상,8155.0,5488.0,12076.0,389580.0,1205.0
20141224,전라,3032.0,4271.0,140284.0,11958.0,482.0
20141224,충청,95603.0,161698.0,4888.0,5674.0,6935.0
20141225,강원,38403.0,4466.0,435.0,824.0,72696.0
20141225,경기,399929.0,66002.0,3136.0,6343.0,44894.0
20141225,경상,5104.0,3377.0,11198.0,293528.0,881.0
20141225,전라,2320.0,3139.0,119530.0,11066.0,441.0
20141225,충청,65051.0,103669.0,3655.0,4081.0,5377.0
20141226,강원,48159.0,6173.0,579.0,1037.0,83834.0
20141226,경기,579579.0,96627.0,3922.0,7735.0,56000.0
20141226,경상,6949.0,4981.0,12982.0,378453.0,1099.0
20141226,전라,3176.0,4359.0,135300.0,12554.0,567.0
20141226,충청,88655.0,153491.0,4884.0,5556.0,6970.0
20141227,강원,54049.0,6317.0,567.0,1184.0,90463.0
20141227,경기,492160.0,96811.0,5272.0,9157.0,63668.0
20141227,경상,8349.0,5723.0,15025.0,364780.0,1300.0
20141227,전라,3759.0,4989.0,141950.0,14243.0,575.0
20141227,충청,90970.0,133525.0,5853.0,6117.0,7641.0
20141228,강원,58681.0,6501.0,613.0,1222.0,80556.0
20141228,경기,386685.0,81343.0,3423.0,7192.0,45513.0
20141228,경상,9140.0,6076.0,13069.0,298518.0,1022.0
20141228,전라,5631.0,5496.0,119307.0,14216.0,558.0
20141228,충청,80701.0,103434.0,4142.0,4465.0,5606.0
20141229,강원,46760.0,6041.0,434.0,963.0,75366.0
20141229,경기,583893.0,99086.0,3188.0,6966.0,47373.0
20141229,경상,7081.0,4733.0,11767.0,366345.0,1095.0
20141229,전라,3171.0,4528.0,128468.0,11478.0,523.0
20141229,충청,88793.0,150186.0,4372.0,5182.0,6664.0
20141230,강원,46477.0,5900.0,526.0,1222.0,74974.0
20141230,경기,590143.0,89472.0,3398.0,7647.0,45422.0
20141230,경상,9208.0,5581.0,11489.0,367545.0,1354.0
20141230,전라,3412.0,4219.0,124875.0,11534.0,565.0
20141230,충청,91787.0,148383.0,4641.0,5856.0,6494.0
20141231,강원,45095.0,5978.0,676.0,1243.0,81547.0
20141231,경기,558204.0,89242.0,4809.0,9903.0,59000.0
20141231,경상,9604.0,5657.0,14685.0,380287.0,1538.0
20141231,전라,3679.0,4224.0,134007.0,14128.0,640.0
20141231,충청,93899.0,145433.0,6041.0,7119.0,8084.0
